﻿variant,clone,forward_sanger_file,reverse_sanger_file
pVER-IPTG-WT(F161V/I83F),A,1FCFDAA056,1FCFDAA032
pVER-IPTG-WT(F161V/I83F),B,1FCFDAA055,1FCFDAA031
pVER-IPTG-WT(G200C),A,1FCDDAA051,1FCDDAA029
pVER-IPTG-WT(G200C),B,1FCDDAA050,1FCDDAA028
pVER-IPTG-WT(G200C/I83F),A,1FCFDAA062,1FCFDAA038
pVER-IPTG-WT(G200C/I83F),B,1FCFDAA061,1FCFDAA037
pVER-IPTG-WT(G200C/S97T),A,1FCFDAA004,1FCDDAA080
pVER-IPTG-WT(G200C/S97T),B,1FCFDAA003,1FCDDAA079
pVER-IPTG-WT(I83M/S69T),A,1FCFDAA064,1FCFDAA040
pVER-IPTG-WT(I83M/S69T),B,1FCFDAA063,1FCFDAA039
pVER-IPTG-WT(I83M/S97T/V136E),A,1FCFDAA058,1FCFDAA034
pVER-IPTG-WT(I83M/S97T/V136E),B,1FCFDAA057,1FCFDAA033
pVER-IPTG-WT(Q181H/S70R),A,1FCFDAA068,1FCFDAA044
pVER-IPTG-WT(Q181H/S70R),B,1FCFDAA067,1FCFDAA043
